t-shirt name   ,price    ,image
Neon Green Boyfriend T-Shirt,319,https://images.bewakoof.com/t320/neon-green-boyfriend-t-shirt-women-s-plain-boyfriend-t-shirts-235443-1572931513.jpg,
Dark Forest Green Flared Dress,379,https://images.bewakoof.com/t320/neon-green-boyfriend-t-shirt-women-s-plain-boyfriend-t-shirts-235443-1572931513.jpg,
Neon Green Round Neck 3/4th Sleeve T-Shirt,319,https://images.bewakoof.com/t320/neon-green-boyfriend-t-shirt-women-s-plain-boyfriend-t-shirts-235443-1572931513.jpg,
Dark Forest Green Boyfriend T-Shirt,319,https://images.bewakoof.com/t320/neon-green-boyfriend-t-shirt-women-s-plain-boyfriend-t-shirts-235443-1572931513.jpg,
Red Pear Fleece Hoodies,759,https://images.bewakoof.com/t320/neon-green-boyfriend-t-shirt-women-s-plain-boyfriend-t-shirts-235443-1572931513.jpg,
Silver Pink Fleece Hoodies,759,https://images.bewakoof.com/t320/neon-green-boyfriend-t-shirt-women-s-plain-boyfriend-t-shirts-235443-1572931513.jpg,
Punch Pink Plain Puffer Jacket,1519,https://images.bewakoof.com/t320/neon-green-boyfriend-t-shirt-women-s-plain-boyfriend-t-shirts-235443-1572931513.jpg,
Classic Camo All Over Printed Boxer,284,https://images.bewakoof.com/t320/neon-green-boyfriend-t-shirt-women-s-plain-boyfriend-t-shirts-235443-1572931513.jpg,
Silver Pink Varsity Plain Bomber Jacket,854,https://images.bewakoof.com/t320/neon-green-boyfriend-t-shirt-women-s-plain-boyfriend-t-shirts-235443-1572931513.jpg,
Sangria Red Plain Puffer Jacket,1519,https://images.bewakoof.com/t320/neon-green-boyfriend-t-shirt-women-s-plain-boyfriend-t-shirts-235443-1572931513.jpg,
Jet Black Plain Varsity Plain Jacket,854,https://images.bewakoof.com/t320/neon-green-boyfriend-t-shirt-women-s-plain-boyfriend-t-shirts-235443-1572931513.jpg,
Meteor Grey Cap Sleeve Plain T-Shirt Dress,356,https://images.bewakoof.com/t320/neon-green-boyfriend-t-shirt-women-s-plain-boyfriend-t-shirts-235443-1572931513.jpg,
Dark Forest Green Round Neck 3/4th Sleeve T-Shirt,319,https://images.bewakoof.com/t320/neon-green-boyfriend-t-shirt-women-s-plain-boyfriend-t-shirts-235443-1572931513.jpg,
Pineapple Yellow Boyfriend T-Shirt,247,https://images.bewakoof.com/t320/neon-green-boyfriend-t-shirt-women-s-plain-boyfriend-t-shirts-235443-1572931513.jpg,
Dark Forest Green Plain Pyjama,519,https://images.bewakoof.com/t320/neon-green-boyfriend-t-shirt-women-s-plain-boyfriend-t-shirts-235443-1572931513.jpg,
Ink Black Plain Puffer Jacket,1519,https://images.bewakoof.com/t320/neon-green-boyfriend-t-shirt-women-s-plain-boyfriend-t-shirts-235443-1572931513.jpg,
Dark Forest Green Fleece Joggers,719,https://images.bewakoof.com/t320/neon-green-boyfriend-t-shirt-women-s-plain-boyfriend-t-shirts-235443-1572931513.jpg,
Difficult Roads Scoop Neck Full Sleeve T-Shirt,269,https://images.bewakoof.com/t320/neon-green-boyfriend-t-shirt-women-s-plain-boyfriend-t-shirts-235443-1572931513.jpg,
Friends Logo Fleece Hoodie (FRL),854,https://images.bewakoof.com/t320/neon-green-boyfriend-t-shirt-women-s-plain-boyfriend-t-shirts-235443-1572931513.jpg,
Dark Forest Green Fleece Sweater,639,https://images.bewakoof.com/t320/neon-green-boyfriend-t-shirt-women-s-plain-boyfriend-t-shirts-235443-1572931513.jpg,
Pocket Daisy Half Sleeve T-Shirt (DL),439,https://images.bewakoof.com/t320/neon-green-boyfriend-t-shirt-women-s-plain-boyfriend-t-shirts-235443-1572931513.jpg,
Jet Black Round Neck 3/4th Sleeve T-Shirt,284,https://images.bewakoof.com/t320/neon-green-boyfriend-t-shirt-women-s-plain-boyfriend-t-shirts-235443-1572931513.jpg,
Fog Grey Plain Puffer Jacket,1519,https://images.bewakoof.com/t320/neon-green-boyfriend-t-shirt-women-s-plain-boyfriend-t-shirts-235443-1572931513.jpg,
Jet Black Fleece Zipper Hoodies,854,https://images.bewakoof.com/t320/neon-green-boyfriend-t-shirt-women-s-plain-boyfriend-t-shirts-235443-1572931513.jpg,
Galaxy Blue Fleece Sweater,546,https://images.bewakoof.com/t320/neon-green-boyfriend-t-shirt-women-s-plain-boyfriend-t-shirts-235443-1572931513.jpg,
Travel Minimal Round Neck 3/4th Sleeve T-Shirt,247,https://images.bewakoof.com/t320/neon-green-boyfriend-t-shirt-women-s-plain-boyfriend-t-shirts-235443-1572931513.jpg,
Nimbus Grey Flared Dress,379,https://images.bewakoof.com/t320/neon-green-boyfriend-t-shirt-women-s-plain-boyfriend-t-shirts-235443-1572931513.jpg,
Pineapple Yellow Round Neck 3/4th Sleeve T-Shirt,247,https://images.bewakoof.com/t320/neon-green-boyfriend-t-shirt-women-s-plain-boyfriend-t-shirts-235443-1572931513.jpg,
Jet Black Boyfriend T-Shirt,284,https://images.bewakoof.com/t320/neon-green-boyfriend-t-shirt-women-s-plain-boyfriend-t-shirts-235443-1572931513.jpg,
Bold Red Round Neck 3/4th Sleeve T-Shirt,284,https://images.bewakoof.com/t320/neon-green-boyfriend-t-shirt-women-s-plain-boyfriend-t-shirts-235443-1572931513.jpg,
Black Cap Sleeve Plain T-Shirt Dress,356,https://images.bewakoof.com/t320/neon-green-boyfriend-t-shirt-women-s-plain-boyfriend-t-shirts-235443-1572931513.jpg,
I Purple You Round Neck 3/4th Sleeve T-Shirt,284,https://images.bewakoof.com/t320/neon-green-boyfriend-t-shirt-women-s-plain-boyfriend-t-shirts-235443-1572931513.jpg,
Bonjour Paris Scoop Neck Full Sleeve T-Shirt,269,https://images.bewakoof.com/t320/neon-green-boyfriend-t-shirt-women-s-plain-boyfriend-t-shirts-235443-1572931513.jpg,
Galaxy Blue Half Sleeve T-shirt,284,https://images.bewakoof.com/t320/neon-green-boyfriend-t-shirt-women-s-plain-boyfriend-t-shirts-235443-1572931513.jpg,
Bonjour Paris Round Neck 3/4th Sleeve T-Shirt,247,https://images.bewakoof.com/t320/neon-green-boyfriend-t-shirt-women-s-plain-boyfriend-t-shirts-235443-1572931513.jpg,
Blue Haze Boyfriend T-Shirt,202,https://images.bewakoof.com/t320/neon-green-boyfriend-t-shirt-women-s-plain-boyfriend-t-shirts-235443-1572931513.jpg,
Friends Doodle Half Sleeve T-shirt (FRL),261,https://images.bewakoof.com/t320/neon-green-boyfriend-t-shirt-women-s-plain-boyfriend-t-shirts-235443-1572931513.jpg,
Nimbus Grey Boyfriend T-Shirt,284,https://images.bewakoof.com/t320/neon-green-boyfriend-t-shirt-women-s-plain-boyfriend-t-shirts-235443-1572931513.jpg,
Minimal Believe Round Neck 3/4th Sleeve T-Shirt,246,https://images.bewakoof.com/t320/neon-green-boyfriend-t-shirt-women-s-plain-boyfriend-t-shirts-235443-1572931513.jpg,
Not Ordinary Boyfriend T-Shirt,247,https://images.bewakoof.com/t320/neon-green-boyfriend-t-shirt-women-s-plain-boyfriend-t-shirts-235443-1572931513.jpg,
Friends Logo Boyfriend T-Shirt (FRL),247,https://images.bewakoof.com/t320/neon-green-boyfriend-t-shirt-women-s-plain-boyfriend-t-shirts-235443-1572931513.jpg,
Wink New Boyfriend T-Shirt,247,https://images.bewakoof.com/t320/neon-green-boyfriend-t-shirt-women-s-plain-boyfriend-t-shirts-235443-1572931513.jpg,
Tere Jaisa Yaar Kaha? Boyfriend T-Shirt,247,https://images.bewakoof.com/t320/neon-green-boyfriend-t-shirt-women-s-plain-boyfriend-t-shirts-235443-1572931513.jpg,
Cute Peeking Cat Boyfriend T-Shirt,233,https://images.bewakoof.com/t320/neon-green-boyfriend-t-shirt-women-s-plain-boyfriend-t-shirts-235443-1572931513.jpg,
Minimal Believe Boyfriend T-Shirt,269,https://images.bewakoof.com/t320/neon-green-boyfriend-t-shirt-women-s-plain-boyfriend-t-shirts-235443-1572931513.jpg,
Chilling Mickey Boyfriend T-Shirt (DL),202,https://images.bewakoof.com/t320/neon-green-boyfriend-t-shirt-women-s-plain-boyfriend-t-shirts-235443-1572931513.jpg,
Teasing Mickey Boyfriend T-Shirt (DL),269,https://images.bewakoof.com/t320/neon-green-boyfriend-t-shirt-women-s-plain-boyfriend-t-shirts-235443-1572931513.jpg,
Think Pawsitive Boyfriend T-Shirt,247,https://images.bewakoof.com/t320/neon-green-boyfriend-t-shirt-women-s-plain-boyfriend-t-shirts-235443-1572931513.jpg,
Bonjour Paris Round Neck 3/4th Sleeve T-Shirt,247,https://images.bewakoof.com/t320/neon-green-boyfriend-t-shirt-women-s-plain-boyfriend-t-shirts-235443-1572931513.jpg,
